"","id","mean_temp"
"1",1,36.3704586649139
"2",2,36.6562564205423
"3",3,36.7391044526505
"4",4,36.3452405375412
"5",5,36.8313271218828
"6",6,36.5450183466335
"7",7,36.6694724965886
"8",8,36.7373977874774
"9",9,36.7348132464678
"10",10,36.4599360280572
"11",11,36.5264747834239
"12",14,36.3997559724782
"13",18,36.7427001443913
"14",19,36.7473964961419
